Tool ID	Image FileName	Tool Name	Tool Description	Tool Uses	Other Names	Handling/Sterilization	
1	toolname.png	Tool 1	Lorem Ipsum	Lorem Ipsum	Lorem Ipsum	Lorem Ipsum	
2	toolname.png	Tool 2	Lorem Ipsum	Lorem Ipsum	Lorem Ipsum	Lorem Ipsum	
3	toolname.png	Tool 3	Lorem Ipsum	Lorem Ipsum	Lorem Ipsum	Lorem Ipsum	
4	toolname.png	Tool 4	Lorem Ipsum	Lorem Ipsum	Lorem Ipsum	Lorem Ipsum	
5	toolname.png	Tool 5	Lorem Ipsum	Lorem Ipsum	Lorem Ipsum	Lorem Ipsum	
6	toolname.png	Tool 6	Lorem Ipsum	Lorem Ipsum	Lorem Ipsum	Lorem Ipsum	
7	toolname.png	Tool 7	Lorem Ipsum	Lorem Ipsum	Lorem Ipsum	Lorem Ipsum	
8	toolname.png	Tool 8	Lorem Ipsum	Lorem Ipsum	Lorem Ipsum	Lorem Ipsum	
							
